Id,Class
01kcPWA9K2BOxQeS5Rju,1
04EjIdbPV5e1XroFOpiN,1
05EeG39MTRrI6VY21DPd,1
05rJTUWYAKNegBk2wE8X,1
0AnoOZDNbPXIr2MRBSCJ,1
0AwWs42SUQ19mI7eDcTC,1
0cH8YeO15ZywEhPrJvmj,1
0DNVFKwYlcjO7bTfJ5p1,1
0DqUX5rkg3IbMY6BLGCE,1
0eaNKwluUmkYdIvZ923c,1
0fHVZKeTE6iRb1PIQ4au,1
0G4hwobLuAzvl1PWYfmd,1
0gkj92oIleU4SYiCWpaM,1
0H63jydvIahOVqgx5Kfo,1
0Hrfce4X5YGESJPjl9uL,1
0I4ZVvngsAatm8fzD3pk,1
0iBaz3krsQ8HuA7cGDSt,1
0iS3pwlgJco8XORD4TLq,1
0jkmvR43UQ9yKxqXei61,1
0KigmP9TLwJXNGz26tfO,1
01IsoiSMh5gxyDYTl4CB,2
02JqQ7H3yEoD8viYWlmS,2
02K5GMYITj7bBoAisEmD,2
02MRILoE6rNhmt7FUi45,2
02zcUmKV16Lya5xqnPGB,2
05aiMRw13bYWqZ8OHvjl,2
05IXcWGxvnkto4sq17zZ,2
05Kps4iFw8mOLJZQrb1H,2
065EZhxgbLRSHsB87uIF,2
06aLOj8EUXMByS423sum,2
06QinlpeFIWj8qHc7Vys,2
07iSOIG2urUvsMl9E5Rn,2
0A32eTdBKayjCWhZqDOQ,2
0akIgwhWHYm1dzsNqBFx,2
0ASH2csN7k8jZyoRaqtn,2
0BEsCP7NAUy8XmkenHWG,2
0bN6ODYWw2xeCQBn3tEg,2
0DbLeKSoxu47wjqVHsi9,2
0DM3hS6Gg2QVKb1fZydv,2
0dnTixlMYzDUpsvEVrGc,2
04BfoQRA6XEshiNuI7pF,3
04cvLCVPqBMs6yn5xGlE,3
04QzZ3DVdPsEp9elLR65,3
04sJnMaORYc1SV5pKjrP,3
06arUi9q3wHS2C8RZxeB,3
06KfrF7ltESna2ZHPVp5,3
06osXqPUVM1HbvBGNncT,3
07nrG1cLKUPxjOlWMFiV,3
09bfacpUzuBN5W3S8KTo,3
0aSTGBVRXeJhx5OcpsgC,3
0aU7XWsr8RtN94jvo3lG,3
0BKcmNv4iGY2hsVSaXJ6,3
0BLbmzJRkjNynCgQIdtV,3
0cdnSIvN489sFUwYlrMQ,3
0cfGJLYgE6ROaZH7KT1h,3
0cfIE39ihRNo2rkZOw5H,3
0cGWK6VvCkm7O2AxDjtw,3
0csgzpwdL3FbZEJu6DjO,3
0CzL6rfwaTqGOu9eghBt,3
0D9IedmC1viTPugLRWX6,3
0qPGt4cRVk9NoiJgubf2,4
1bL4yiwCUvSOg7tBJudf,4
1eOaAY4fpV38LIdhxl95,4
1FacC02JPfxSdXeD7MEw,4
1gx83bLB4PSsYIKCTlZt,4
1PQFYMSBLAO9TmKk2Zhj,4
1S9ui2XqltCJAOGUPw7v,4
1yC7BzWHgtI2FibhQ0km,4
2CfJMa5HIn6D1d9EXbpe,4
2g4C03AeqoZR6ctiF1Qr,4
2icwOdb5xCshnIvMXfy4,4
2mYSX6J9Dd5lkpLuNMc8,4
2nNeZpSmwzACDiljoXM0,4
2qSURceVYgQEhOFAdPXC,4
2SRWXLQomgJyliq3G6BM,4
2VhINMP4oKmsnjZkY38U,4
2vzlFiPL03STnwtDhoCU,4
2WBAlcgeu4zZbTNy713v,4
2XiGfo95mCALRbu6KzVY,4
2YNFrzjaecyUInXCDVmt,4
0qjuDC7Rhx9rHkLlItAp,5
1IpWLz6eyhVxDAfQMKEd,5
1KB3Z7gd5aN4Xmx8W0sf,5
2aHfrLhcPTj5GnFZXUCN,5
2pwjzv6eGEb8QmHPfxSc,5
2qAtoGOuMQZdmH3y7bEY,5
3m8kb5ILPrHcMC1o9Nht,5
3zZpqyclD9B2v5Qas18m,5
40KRbGeQZ8PwcUgt5joa,5
4UTMdcZkxzLvwygO8EuK,5
5tMCNKDogQ2x7zwUbpcZ,5
7cyYPthi5KmvXEs2NkRj,5
8wm2jYBqV30okUMfuDCd,5
AeCXyFRcU2SsgvVTpMzi,5
asKPnzUXjShMc0Tl6Wge,5
b59dlNEacoYUAyeR4Ipq,5
B6dzEY3kKIn8me9McfGg,5
bGPHZFpAL3N957064wzj,5
BKXtxeYlLsprabEWIQhn,5
cIojVJGQOtrL0S1ApeDY,5
02IOCvYEy8mjiuAQHax3,6
02mlBLHZTDFXGa7Nt6cr,6
03nJaQV6K2ObICUmyWoR,6
05LHG8fR3iPn6agIo9z7,6
08BX5Slp2I1FraZWbc6j,6
09CPNMYyQjSguFrE8UOf,6
09sXMJUHwQWVanrhzAoT,6
0BZQIJak6Pu2tyAXfrzR,6
0Cq4wfhLrKBJiut1lYAZ,6
0df4cbsTBCn1VGW8lQRv,6
0EL7OGZKozbiNCVP61gk,6
0iZTHuQ5KMb4RtAlrz6D,6
0JnvoeflBWwIcQa5GEPK,6
0KZFcsOYR4MdPJf6VvGS,6
0MmZ8j5pn2R3VG9wlxYi,6
0NXFnJyOEhBAISKfiU67,6
0q6eABpEHSbXlIzGh7jc,6
0sLBvJeYl5UkiRzV1atI,6
0sM2atqTo48GgnFwhQXu,6
0sM6DQlxcP3oAfd9ZVBT,6
09LXtWxm1EbK5uVqcQS3,7
0ACDbR5M3ZhBJajygTuf,7
0b5LqcWix3J4fGIEhXQu,7
0BIdbVDEgmPwjYF4xzir,7
0eN9lyQfwmTVk7C2ZoYp,7
0hZEqJ5eMVjU21HAG7Ii,7
0KgE6ksUeytoHfl2cT4r,7
0LAXajqhQy7po16dw8Tx,7
0M7aSiE9csDzkmfKheVt,7
0PlfqyKM1JtYZx2me5FU,7
0xfjbVBPYX1pSt4rdWOe,7
0YJRabHQ1reDxN3yjUCd,7
18S9URJgMWqua2TZevsh,7
18te652nLyCi3IrZqMOJ,7
1FAxSngsym35phwROGl0,7
1Flm7qajnOzdtwBZ29gL,7
1GKhFnumAdIeykS3rZYi,7
1iWTJCzlSZgempU2xf04,7
1jinhWv67o4ODebAw5Q2,7
1JPWLhrtsalBVpyGSKw5,7
01SuzwMJEIXsK7A8dQbl,8
04hSzLv5s2TDYPlcgpHB,8
0AguvpOCcaf2myVDYFGb,8
0aKlH1MRxLmv34QGhEJP,8
0aVNj3qFgEZI6Akf4Kuv,8
0aVxkvmflEizUBG2rMT4,8
0BFIPv1rO83whtpMYyAs,8
0BY2iPso3bEmudlUzpfq,8
0C4aVbN58O1nAigFJt9z,8
0cTu2bkefOAJqIhYUWFK,8
0fhnXI9ESr4jgWmkiaTe,8
0giIqhw6e4mrHYzKFl8T,8
0H5OFklQm7wAPfE1qaJY,8
0hAlkjTR1Q6PewMczavb,8
0HKFs3AXTt1IrOl52eVu,8
0HVAnMrp1LjKDmuoOJFY,8
0ItXlAUOhK8ZYdDf7HW4,8
0Iv6U2hbcP1xeBitW5Oo,8
0J61YGoWjV25TzxeSluf,8
0jKSsqXVHNucByZ9l6Ao,8
01azqd4InC7m9JpocGv5,9
01jsnpXSAlgw6aPeDxrU,9
04mcPSei852tgIKUwTJr,9
07ECKjDTyQLnabNoxrIH,9
0AV6MPlrTWG4fYI7NBtQ,9
0B2RwKm6dq9fjUWDNIOa,9
0bjN3Kgw5OATSreRmEdi,9
0co46B8IkPt2UN3HSaw7,9
0CPaAXtyswrBq83D6VEg,9
0czUXKSCiGY2j5mxLdWa,9
0dauMIK4ATfybzqUgNLc,9
0dhL8Jvcswa7U1qHiDS5,9
0FOXjzmnD9CUMVcSlEqh,9
0gcZkSFr7VnEmLPbTxUe,9
0gWUIudhwovMYb3NSnZA,9
0IelgX5H2s14KutkEyNU,9
0JAx9gzbC54Q61XBrqc7,9
0njs7MJQObCY8ABgykiP,9
0NZT2sFp4JKXqYGC8Rna,9
0Phtp2LVcsCFMKkGgmRH,9
